system,catalog,软件,描述,官网地址,下载渠道,包管理

------------
- 系统工具
------------
win,xxxxx,,,,
------------
win,xxxxx,,,,
------------
win,xxxxx,,,,
------------
win,xxxxx,,,,
------------
win,xxxxx,,,,
------------
win,xxxxx,,,,
------------
win,xxxxx,,,,
------------

------------
- 应用软件
------------
win,xxxxx,,,,
------------
mac,xxxxx,,,,
------------

------------
- 图像设计
------------
win,图片浏览,2345 看图王,一款超好用的看图软件,[官网地址](https://pic.2345.cc),[下载渠道](https://www.423down.com/4111.html),
------------
win,图像处理,,,,
------------
win,动画制作,,,,
------------
win,三维动画,,,,
------------
win,交互工具,Axure,专业的快速原型设计工具,[官网地址](https://www.axure.com.cn/),,
------------
win,设计辅助,,,,
------------
mac,图片浏览,,,,
------------
mac,图像处理,,,,
------------
mac,动画制作,,,,
------------
mac,三维动画,,,,
------------
mac,交互工具,,,,
------------
mac,设计辅助,,,,
------------

------------
- 媒体工具
------------
win,xxxxx,,,,
------------
mac,xxxxx,,,,
------------

------------
- 网络工具
------------
win,xxxxx,,,,
------------
mac,xxxxx,,,,
------------

------------
- 编程开发
------------
win,xxxxx,,,,
------------
mac,xxxxx,,,,
------------
